Номер задачи;Найденное значение;Известное значение;Ошибка;Вычислений;Время(мс);Количество запусков;Успех
1;-13.5120826856;-13.5144784954;0.0023958098;3240;87.0956000000;1;Да
2;-11.2841596065;-11.2845204269;0.0003608205;1530;75.9058000000;2;Да
3;-13.2096856586;-13.2096856586;0.0000000000;180;11.7404000000;1;Да
4;-11.5375051004;-11.5411911605;0.0036860601;2520;233.7805000000;1;Да
5;-9.9669270092;-9.9692908431;0.0023638340;2790;318.0739000000;1;Да
6;-9.1717221083;-9.1801699239;0.0084478156;2970;416.6445000000;1;Да
7;-9.3595626671;-9.3595626671;0.0000000000;180;28.3216000000;1;Да
8;-11.4644012017;-11.4700274136;0.0056262119;1620;315.2851000000;1;Да
9;-11.4058834471;-11.4147084527;0.0088250056;990;196.9918000000;2;Да
10;-12.3560330319;-12.3578948843;0.0018618524;1890;420.1150000000;1;Да
11;-8.2962984528;-8.2981917335;0.0018932807;3060;71.9839000000;1;Да
12;-10.7789300999;-10.7789300999;0.0000000000;180;7.7831000000;1;Да
13;-9.6313016471;-9.6399900770;0.0086884299;1710;119.1482000000;4;Да
14;-10.8414113383;-10.8469109030;0.0054995647;1440;127.4373000000;3;Да
15;-9.9987793313;-9.9987793313;0.0000000000;180;19.1461000000;1;Да
16;-13.2762885584;-13.2775568913;0.0012683328;1260;163.9181000000;1;Да
17;-11.2050009847;-11.2057911797;0.0007901950;2250;380.8176000000;1;Да
18;-8.5521448805;-8.5557420962;0.0035972158;3510;642.3237000000;1;Да
19;-10.8125477424;-11.0805355005;0.2679877581;54090;11687.0786000000;6;Нет
20;-10.8382202115;-10.8415748494;0.0033546379;3600;860.7078000000;1;Да
21;-10.0966138745;-10.0991508406;0.0025369661;1710;50.7724000000;1;Да
22;-8.8154076969;-8.8217055920;0.0062978952;2880;131.5148000000;1;Да
23;-11.2026676773;-11.2043695841;0.0017019069;1350;92.8941000000;1;Да
24;-9.7739379041;-9.7766969907;0.0027590867;270;24.4262000000;1;Да
25;-9.4405015809;-9.4463539444;0.0058523635;1620;176.1962000000;1;Да
26;-9.9137670124;-9.9222461020;0.0084790895;2070;274.9955000000;1;Да
27;-9.3454858739;-9.3530584288;0.0075725550;2070;337.6460000000;3;Да
28;-8.9209593854;-8.9278690672;0.0069096819;1710;299.0145000000;2;Да
29;-11.9704171911;-11.9704171911;0.0000000000;270;57.2334000000;1;Да
30;-11.0535839822;-11.0593027328;0.0057187506;1440;317.5619000000;1;Да
31;-8.9549347638;-8.9607118603;0.0057770966;3690;89.5431000000;1;Да
32;-10.2538350237;-10.2538350237;0.0000000000;180;7.5883000000;1;Да
33;-13.7546954016;-13.7561484695;0.0014530678;1800;119.5125000000;1;Да
34;-10.0701898546;-10.0750520719;0.0048622173;1260;116.2532000000;1;Да
35;-10.6670307107;-10.6675781681;0.0005474574;4230;477.7809000000;1;Да
36;-9.5988353745;-9.6063501164;0.0075147420;1800;269.8213000000;1;Да
37;-11.1095591828;-11.1095591828;0.0000000000;180;32.3539000000;1;Да
38;-8.5821202920;-8.5865035203;0.0043832283;2520;446.6351000000;1;Да
39;-8.8150820563;-8.8235494029;0.0084673467;900;177.8896000000;3;Да
40;-10.2171718174;-10.2253273506;0.0081555332;1080;231.5518000000;1;Да
41;-13.8423392509;-13.8423392509;0.0000000000;180;3.9549000000;1;Да
42;-10.7678182653;-10.7690317932;0.0012135279;1620;80.7674000000;1;Да
43;-8.5660059509;-8.5744993682;0.0084934173;1890;123.6312000000;1;Да
44;-10.3921234959;-10.4014524732;0.0093289773;2340;214.8814000000;1;Да
45;-8.8834322543;-8.8890563161;0.0056240619;1620;189.2981000000;1;Да
46;-10.4438735810;-10.4491948542;0.0053212732;3150;428.4820000000;1;Да
47;-10.4501607977;-10.4544900220;0.0043292243;1800;301.1228000000;2;Да
48;-9.7419729358;-9.7495120157;0.0075390799;1620;283.0127000000;1;Да
49;-10.8002833526;-10.8050483843;0.0047650317;1800;406.8403000000;2;Да
50;-12.1605355150;-12.1677175329;0.0071820179;270;65.0619000000;1;Да
51;-11.1410917052;-11.1419636143;0.0008719091;1800;54.4964000000;1;Да
52;-10.0621415843;-10.0622401062;0.0000985219;1890;81.8441000000;1;Да
53;-9.5121702730;-9.5186545492;0.0064842762;3150;225.8955000000;1;Да
54;-9.3978400797;-9.4046231563;0.0067830766;1890;182.4256000000;1;Да
55;-10.1909617110;-10.1934763005;0.0025145895;2430;272.4639000000;1;Да
56;-9.0101085806;-9.0101085806;0.0000000000;360;47.8428000000;1;Да
57;-10.0228719774;-10.0250949167;0.0022229393;1800;317.2049000000;1;Да
58;-10.9521670508;-10.9575489395;0.0053818887;2430;468.3301000000;1;Да
59;-9.8413148554;-9.8503704060;0.0090555506;1890;379.0720000000;1;Да
60;-11.7479369184;-11.7479369184;0.0000000000;180;46.2571000000;1;Да
61;-10.7388834897;-10.7392025424;0.0003190527;1980;53.9587000000;1;Да
62;-9.0572415682;-9.0604302558;0.0031886877;1440;86.8752000000;1;Да
63;-10.7481976623;-10.7485755015;0.0003778392;2340;173.0362000000;1;Да
64;-8.4536842267;-8.4550877175;0.0014034908;1440;129.6075000000;4;Да
65;-11.2918611432;-11.2955060383;0.0036448950;1620;203.1321000000;1;Да
66;-10.4758501655;-10.4761986531;0.0003484876;1890;251.4212000000;4;Да
67;-9.2786668542;-9.2856505729;0.0069837187;2250;368.4922000000;1;Да
68;-9.5909615630;-9.5927669274;0.0018053644;2520;482.2509000000;1;Да
69;-10.8185591186;-10.8214147281;0.0028556095;3060;639.8902000000;1;Да
70;-9.3505352926;-9.3537514333;0.0032161407;810;187.2951000000;1;Да
71;-9.8044410132;-9.8044410132;0.0000000000;270;5.8393000000;1;Да
72;-10.8617241350;-10.8619513295;0.0002271944;270;12.9031000000;1;Да
73;-10.9725305266;-10.9808543340;0.0083238074;1440;91.5555000000;2;Да
74;-8.9610669542;-8.9661446027;0.0050776485;2160;222.0099000000;1;Да
75;-10.9965893530;-11.0038520396;0.0072626866;360;38.2589000000;1;Да
76;-9.9528040700;-9.9593686977;0.0065646277;2430;344.8192000000;1;Да
77;-11.3823405822;-11.3864792294;0.0041386472;1080;169.4026000000;1;Да
78;-11.4414830153;-11.4465723709;0.0050893556;2610;460.8666000000;1;Да
79;-14.1674559610;-14.1705644211;0.0031084600;1620;327.8785000000;1;Да
80;-10.6189939589;-10.6198660232;0.0008720643;2700;620.9509000000;1;Да
81;-11.3164946867;-11.3219085714;0.0054138848;1350;31.3034000000;1;Да
82;-10.9449001133;-10.9523647173;0.0074646040;2610;131.9400000000;1;Да
83;-11.4153568524;-11.4165386179;0.0011817654;1890;138.6198000000;2;Да
84;-12.0542378547;-12.0542378547;0.0000000000;180;15.4557000000;1;Да
85;-10.4490437167;-10.4589825604;0.0099388437;2880;357.6641000000;1;Да
86;-9.3841397332;-9.4292955724;0.0451558392;54090;7342.0524000000;6;Нет
87;-10.4507398960;-10.4526333249;0.0018934289;1170;184.2662000000;4;Да
88;-10.7510344731;-10.7530685495;0.0020340764;2070;416.4586000000;1;Да
89;-9.8166860769;-9.8166860769;0.0000000000;180;33.7220000000;1;Да
90;-12.2073648649;-12.2073648649;0.0000000000;180;37.6622000000;1;Да
91;-10.3918720383;-10.3918720383;0.0000000000;180;4.1702000000;1;Да
92;-9.6857624730;-9.6890636451;0.0033011721;3600;170.1952000000;1;Да
93;-11.9183128199;-11.9183128199;0.0000000000;180;11.5772000000;1;Да
94;-10.4202233803;-10.4294206479;0.0091972676;1980;179.4124000000;1;Да
95;-10.3407721247;-10.3494599473;0.0086878226;2430;269.5938000000;1;Да
96;-9.0136662807;-9.0137804327;0.0001141520;2160;358.0268000000;1;Да
97;-8.9082522917;-8.9168287142;0.0085764225;4050;657.0892000000;1;Да
98;-8.7428176798;-8.7478465546;0.0050288747;2340;456.6490000000;1;Да
99;-12.7598614977;-12.7698161895;0.0099546918;360;80.1824000000;1;Да
100;-11.4388199242;-11.4388199242;0.0000000000;180;39.0810000000;1;Да
